url,issue_num,card_text,card_slug,title,id,post_week,post_article_url,post_issue_url,screen_shot_prefix
https://worksinprogress.co,issue-01,"SpotlightIssue 01Epidemic disease and the stateWestern democracies appear to have floundered in their responses to Covid-19. Is there a relationship between health and freedom, and can it be unraveled?
Read more →Words by Mark Koyama ",issue/epidemic-disease-and-the-state/,Epidemic disease and the state,16,2025-07-01,https://worksinprogress.co/issue/epidemic-disease-and-the-state/,https://worksinprogress.co/issue-01/,issue-01-1
https://worksinprogress.co,issue-01,"Build state capacity by building charter citiesWords by Mark Lutter  & Jeffrey Mason Many low-income countries are unable to provide effective governance for their citizens, trapped in a cycle of slow growth and persistent corruption. Charter cities may provide an answer.
Read more →Politics",issue/build-state-capacity-by-building-charter-cities/,Build state capacity by building charter cities,111,2024-10-01,https://worksinprogress.co/issue/build-state-capacity-by-building-charter-cities/,https://worksinprogress.co/issue-01/,issue-01-2
https://worksinprogress.co,issue-01,"Practical veganismWords by Diana Fleischman Polls show that the majority of Americans want to reduce their consumption of meat, but many struggle to do so. 
Read more →Culture",issue/practical-veganism/,Practical veganism,112,2025-11-11,https://worksinprogress.co/issue/practical-veganism/,https://worksinprogress.co/issue-01/,issue-01-3
https://worksinprogress.co,issue-01,"The evolution of psychiatryWords by Adam Hunt Modern psychiatry appears to be at a standstill, wanting for better treatment and a substantive theoretical framework. Evolutionary theory has the potential to reinvigorate the field.
Read more →Science",issue/the-evolution-of-psychiatry/,The evolution of psychiatry,113,2026-06-30,https://worksinprogress.co/issue/the-evolution-of-psychiatry/,https://worksinprogress.co/issue-01/,issue-01-4
https://worksinprogress.co,issue-01,"How to build a stateWords by Anton Howes Throughout history, states struggled to maintain power, having to rely on private agents and enforcers to fund themselves and govern their citizens. 
Read more →Economics",issue/how-to-build-a-state/,How to build a state,114,2024-11-12,https://worksinprogress.co/issue/how-to-build-a-state/,https://worksinprogress.co/issue-01/,issue-01-5
https://worksinprogress.co,issue-01,"The rise and fall of the industrial R&D labWords by Ben Southwood For a time in recent history, R&D labs seemed to exist in a golden age of innovation and productivity. But this period vanished as swiftly as it came to be.
Read more →Economics",issue/the-rise-and-fall-of-the-american-rd-lab/,The rise and fall of the industrial R&D lab,115,2025-10-21,https://worksinprogress.co/issue/the-rise-and-fall-of-the-american-rd-lab/,https://worksinprogress.co/issue-01/,issue-01-6
https://worksinprogress.co,issue-02,"SpotlightIssue 02The daily grindBefore grinding mills were invented, the preparation of flour for food was an arduous task largely carried out by women for hours every day. How did it affect their lives and why does it remain a tradition in some places even today?
Read more →Words by Rachel Laudan ",issue/the-daily-grind/,The daily grind,15,2026-07-14,https://worksinprogress.co/issue/the-daily-grind/,https://worksinprogress.co/issue-02/,issue-02-7
https://worksinprogress.co,issue-02,"In praise of pasticheWords by Samuel Hughes Building traditionalist architecture today is derided as inauthentic pastiche. But this perspective turns a blind eye to the dramatic and sophisticated ways that design has been applied throughout history.
Read more →Culture",issue/in-praise-of-pastiche/,In praise of pastiche,104,2026-05-12,https://worksinprogress.co/issue/in-praise-of-pastiche/,https://worksinprogress.co/issue-02/,issue-02-8
https://worksinprogress.co,issue-02,"Clusters rule everything around meWords by Caleb Watney Some of the greatest advances in technology have emerged from bringing intelligent people together to solve problems. How do tech clusters develop & how can we use them to replicate past successes?
Read more →Economics",issue/clusters-rule-everything-around-me/,Clusters rule everything around me,105,2025-08-19,https://worksinprogress.co/issue/clusters-rule-everything-around-me/,https://worksinprogress.co/issue-02/,issue-02-9
https://worksinprogress.co,issue-02,"Seeing on the far side of the moonWords by Eli Dourado Electrical interference has restricted what humans can observe with telescopes. To make leaps as a species, now’s the time for us to build a telescope on the far side of the moon.
Read more →Science",issue/seeing-on-the-far-side-of-the-moon/,Seeing on the far side of the moon,106,2026-08-18,https://worksinprogress.co/issue/seeing-on-the-far-side-of-the-moon/,https://worksinprogress.co/issue-02/,issue-02-10
https://worksinprogress.co,issue-02,"Escaping science’s paradoxWords by Stuart Buck Scientific research today is afflicted by poor reliability and low utility, despite the best efforts of individual researchers. 
Read more →Science",issue/escaping-sciences-paradox/,Escaping science’s paradox,107,2026-07-28,https://worksinprogress.co/issue/escaping-sciences-paradox/,https://worksinprogress.co/issue-02/,issue-02-11
https://worksinprogress.co,issue-02,"Innovation is not linearWords by Jason Crawford Many have argued that innovation develops in a simple linear fashion – from research to experimentation to engineering. 
Read more →Science",issue/innovation-is-not-linear/,Innovation is not linear,108,2026-05-19,https://worksinprogress.co/issue/innovation-is-not-linear/,https://worksinprogress.co/issue-02/,issue-02-12
https://worksinprogress.co,issue-02,"Securing posterityWords by Leopold Aschenbrenner New technologies can be dangerous, threatening the very survival of humanity. Is economic growth inherently risky, and how do we maximize the chances of a flourishing future?
Read more →Economics",issue/securing-posterity/,Securing posterity,109,2026-05-26,https://worksinprogress.co/issue/securing-posterity/,https://worksinprogress.co/issue-02/,issue-02-13
https://worksinprogress.co,issue-02,"Interview: Mike Solana on tech and its criticsWords by Nick Whitaker In spite of major technological progress, tech is often envisioned in the media with pessimism and dread. 
Read more →Culture",issue/interview-mike-solana-on-tech-and-its-critics/,Interview: Mike Solana on tech and its critics,110,2026-06-16,https://worksinprogress.co/issue/interview-mike-solana-on-tech-and-its-critics/,https://worksinprogress.co/issue-02/,issue-02-14
https://worksinprogress.co,issue-03,"SpotlightIssue 03The great reinforcerAlongside all the successes of science in the Covid era, the pandemic has also sparked an outbreak of viral misinformation and sloppy research, revealing the glaring flaws in our scientific system.
Read more →Words by Stuart Ritchie ",issue/the-great-reinforcer/,The great reinforcer,14,2025-04-01,https://worksinprogress.co/issue/the-great-reinforcer/,https://worksinprogress.co/issue-03/,issue-03-15
https://worksinprogress.co,issue-03,"The speed of scienceWords by Saloni Dattani  & Nathaniel Bechhofer Critics of scientific reform say that transparency comes at the cost of speed. What can disciplines learn from each other to break away from this crisis?
Read more →Science",issue/the-speed-of-science/,The speed of science,98,2025-07-08,https://worksinprogress.co/issue/the-speed-of-science/,https://worksinprogress.co/issue-03/,issue-03-16
https://worksinprogress.co,issue-03,"How I learned to stop worrying and love the debtWords by Pedro Serôdio Protecting people’s health during the pandemic will increase debt, but the economic consensus is that we shouldn’t be concerned. 
Read more →Economics",issue/how-i-learned-to-stop-worrying-and-love-the-debt/,How I learned to stop worrying and love the debt,99,2026-02-10,https://worksinprogress.co/issue/how-i-learned-to-stop-worrying-and-love-the-debt/,https://worksinprogress.co/issue-03/,issue-03-17
https://worksinprogress.co,issue-03,"Why tech cannot escape expensive housingWords by John Kroencke As rental prices continue to climb in San Francisco, tech firms have looked to relocate in other cities. Without major housing reforms, the next Silicon Valley will face the same fate.
Read more →Economics",issue/why-tech-cannot-escape-expensive-housing/,Why tech cannot escape expensive housing,100,2025-08-12,https://worksinprogress.co/issue/why-tech-cannot-escape-expensive-housing/,https://worksinprogress.co/issue-03/,issue-03-18
https://worksinprogress.co,issue-03,"How Covid brought the future backWords by Byrne Hobart Crises upend plans, force people to re-evaluate their priorities, and bring into focus new goals. Financial markets give us hints of what we can expect from the aftermath of Covid-19.
Read more →Culture",issue/how-covid-brought-the-future-back/,How Covid brought the future back,101,2025-06-03,https://worksinprogress.co/issue/how-covid-brought-the-future-back/,https://worksinprogress.co/issue-03/,issue-03-19
https://worksinprogress.co,issue-03,"A place in the sunWords by Anya Martin While rents have been soaring for years in urban areas around the world, one Australian city has weathered the storm. What can the world learn from the experiences of Sydney?
Read more →Economics",issue/a-place-in-the-sun/,A place in the sun,102,2025-07-15,https://worksinprogress.co/issue/a-place-in-the-sun/,https://worksinprogress.co/issue-03/,issue-03-20
https://worksinprogress.co,issue-03,"What ails the social sciencesWords by Matt Clancy Bad incentives, muddled theory and no practical use. The condition of the social sciences has been blamed on a great variety of things; what’s really at fault and how do we know?
Read more →Science",issue/what-ails-the-social-sciences/,What ails the social sciences,103,2024-10-29,https://worksinprogress.co/issue/what-ails-the-social-sciences/,https://worksinprogress.co/issue-03/,issue-03-21
https://worksinprogress.co,issue-04,"SpotlightIssue 04How we fixed the ozone layerThe story behind humanity’s greatest environmental success is too rarely told and too often taken for granted. This is how humanity fixed the ozone layer and why it matters.
Read more →Words by Hannah Ritchie ",issue/how-we-fixed-the-ozone-layer/,How we fixed the ozone layer,13,2026-11-03,https://worksinprogress.co/issue/how-we-fixed-the-ozone-layer/,https://worksinprogress.co/issue-04/,issue-04-22
https://worksinprogress.co,issue-04,"Why didn’t suicides rise during Covid?Words by Scott Alexander Covid-19 brought death, suffering and financial straits, so it was unsurprising that depression rose around the world. But when the data came in, we found suicide did not – and it’s a mystery why.
Read more →Culture",issue/why-didnt-suicides-rise-during-covid/,Why didn’t suicides rise during Covid?,92,2025-02-25,https://worksinprogress.co/issue/why-didnt-suicides-rise-during-covid/,https://worksinprogress.co/issue-04/,issue-04-23
https://worksinprogress.co,issue-04,"Why Tesla bought bitcoinWords by Andrea O’Sullivan Everybody loves to hate Bitcoin. Yet big business is spending hundreds of millions on it, helping to drive the price higher and higher. It’s easy to dismiss that as a marketing fad.
Read more →Culture",issue/why-tesla-bought-bitcoin/,Why Tesla bought bitcoin,93,2025-07-29,https://worksinprogress.co/issue/why-tesla-bought-bitcoin/,https://worksinprogress.co/issue-04/,issue-04-24
https://worksinprogress.co,issue-04,"Burying the leadWords by Sue Márquez Researchers have known for decades that lead poisoning damages brains and worsens crime, but millions of Americans still drink contaminated water every day. Here’s how we can fix that.
Read more →Politics",issue/burying-the-lead/,Burying the lead,94,2025-06-17,https://worksinprogress.co/issue/burying-the-lead/,https://worksinprogress.co/issue-04/,issue-04-25
https://worksinprogress.co,issue-04,"This is what peak culture looks likeWords by Ryan Murphy Is the popularity of the Marvel Cinematic Universe a sign of art in decline? It’s common for people to assert that film, art, music and literature are getting worse. This is why they’re wrong. 
Read more →Culture",issue/this-is-what-peak-culture-looks-like/,This is what peak culture looks like,95,2025-10-14,https://worksinprogress.co/issue/this-is-what-peak-culture-looks-like/,https://worksinprogress.co/issue-04/,issue-04-26
https://worksinprogress.co,issue-04,"Interview: Ted Nordhaus on ecomodernismWords by Nick Whitaker  & Saloni Dattani Are technology and the environment friends or foes? In this wide-ranging conversation, we discuss climate policy, activism and ecomodernism with Ted Nordhaus.
Read more →Politics",issue/interview-ted-nordhaus-on-ecomodernism/,Interview: Ted Nordhaus on ecomodernism,96,2025-09-09,https://worksinprogress.co/issue/interview-ted-nordhaus-on-ecomodernism/,https://worksinprogress.co/issue-04/,issue-04-27
https://worksinprogress.co,issue-04,"We don’t know how to fix scienceWords by José Luis Ricón The conversation around science is full of ideas for reform, but how do we know which ones will be effective? To find out what works, we need to apply the scientific method to science itself.
Read more →Science",issue/we-dont-know-how-to-fix-science/,We don’t know how to fix science,97,2025-01-14,https://worksinprogress.co/issue/we-dont-know-how-to-fix-science/,https://worksinprogress.co/issue-04/,issue-04-28
https://worksinprogress.co,issue-05,"SpotlightIssue 05The housing theory of everythingWestern housing shortages do not just prevent many from ever affording their own home. They also drive inequality, climate change, low productivity growth, obesity, and even falling fertility rates.
Read more →Words by John Myers  & Sam Bowman  & Ben Southwood ",issue/the-housing-theory-of-everything/,The housing theory of everything,12,2025-04-29,https://worksinprogress.co/issue/the-housing-theory-of-everything/,https://worksinprogress.co/issue-05/,issue-05-29
https://worksinprogress.co,issue-05,"Natalism for progressivesWords by Jeremy Driver Without new humans, growth will slow, and we will be less likely to reach the stars. But pro-natalism has been captured by a range of unsavoury voices. There is an alternative.
Read more →Culture",issue/natalism-for-progressives/,Natalism for progressives,86,2025-12-02,https://worksinprogress.co/issue/natalism-for-progressives/,https://worksinprogress.co/issue-05/,issue-05-30
https://worksinprogress.co,issue-05,"How trust undermines scienceWords by Sarah Perry Our success is based on scientific discovery, so it’s not surprising how much faith we put into it. But we now trust science so implicitly that our trust undermines the institution itself.
Read more →Science",issue/how-trust-undermines-science/,How trust undermines science,87,2026-01-20,https://worksinprogress.co/issue/how-trust-undermines-science/,https://worksinprogress.co/issue-05/,issue-05-31
https://worksinprogress.co,issue-05,"Better eatsWords by Nick Whitaker The kitchen of 2020 looks mostly the same as that of 1960. But what we do in it has changed dramatically, almost entirely for the better—due to a culture of culinary innovation.
Read more →Culture",issue/better-eats/,Better eats,88,2026-09-29,https://worksinprogress.co/issue/better-eats/,https://worksinprogress.co/issue-05/,issue-05-32
https://worksinprogress.co,issue-05,"Buyers of first resortWords by Neil Hacker How do technologies get off the ground? As well as seed funding, many of the best technologies require Buyers of First Resort, which buy products until they improve enough to get to efficient scale.
Read more →Economics",issue/buyers-of-first-resort/,Buyers of first resort,89,2026-10-06,https://worksinprogress.co/issue/buyers-of-first-resort/,https://worksinprogress.co/issue-05/,issue-05-33
https://worksinprogress.co,issue-05,"The future of weight lossWords by Stephan J. Guyenet We have eradicated smallpox, cured many bacterial diseases, and invented a vaccine for Covid-19 within the year. But for a very long time we haven’t had a single good treatment for obesity. 
Read more →Science",issue/the-future-of-weight-loss/,The future of weight loss,90,2026-08-04,https://worksinprogress.co/issue/the-future-of-weight-loss/,https://worksinprogress.co/issue-05/,issue-05-34
https://worksinprogress.co,issue-05,"Asteroid spottingWords by Tom Chivers Could an asteroid wipe out human civilisation like it may have eliminated the dinosaurs? Big asteroids come along extremely rarely and our monitoring systems are effective and well funded.
Read more →Science",issue/asteroid-spotting/,Asteroid spotting,91,2026-06-02,https://worksinprogress.co/issue/asteroid-spotting/,https://worksinprogress.co/issue-05/,issue-05-35
https://worksinprogress.co,issue-06,"SpotlightIssue 06Womb for improvementPregnancy can be arduous, painful and for some women impossible. New technology may allow more women to have children, and save the lives of more prematurely born infants. How do we get there?
Read more →Words by Aria Babu ",issue/womb-for-improvement/,Womb for improvement,11,2026-02-17,https://worksinprogress.co/issue/womb-for-improvement/,https://worksinprogress.co/issue-06/,issue-06-36
https://worksinprogress.co,issue-06,"Why Ireland’s housing bubble burstWords by Ronan Lyons Ireland’s housing bubble and bust has become emblematic of what not to do in housing debates around the world. The only problem is nobody agrees what actually went wrong.
Read more →Economics",issue/why-irelands-housing-bubble-burst/,Why Ireland’s housing bubble burst,81,2026-03-17,https://worksinprogress.co/issue/why-irelands-housing-bubble-burst/,https://worksinprogress.co/issue-06/,issue-06-37
https://worksinprogress.co,issue-06,"Why skyscrapers are so shortWords by Brian Potter The height of skyscrapers is limited by physical, economic and regulatory barriers, but we should want to overcome them and build taller. Here’s how we can do it.
Read more →Economics",issue/why-skyscrapers-are-so-short/,Why skyscrapers are so short,82,2025-10-07,https://worksinprogress.co/issue/why-skyscrapers-are-so-short/,https://worksinprogress.co/issue-06/,issue-06-38
https://worksinprogress.co,issue-06,"Parenting as a public goodWords by Ellen Pasternack Society has free-ridden on women for millennia, benefiting from the children they’ve had while bearing few of the costs. But as women have gained other options, birth rates have fallen.
Read more →Culture",issue/parenting-as-a-public-good/,Parenting as a public good,83,2024-12-10,https://worksinprogress.co/issue/parenting-as-a-public-good/,https://worksinprogress.co/issue-06/,issue-06-39
https://worksinprogress.co,issue-06,"Against the survival of the prettiestWords by Samuel Hughes Many modern buildings put up today seem uglier than traditional ones around them. Some say this is because we’ve torn down the ugly old buildings, and only see the survivors. Are they right?
Read more →Culture",issue/against-the-survival-of-the-prettiest/,Against the survival of the prettiest,84,2026-08-25,https://worksinprogress.co/issue/against-the-survival-of-the-prettiest/,https://worksinprogress.co/issue-06/,issue-06-40
https://worksinprogress.co,issue-06,"Who cares about plagiarism?Words by Stuart Ritchie Plagiarism is unforgivable in academia but it’s not plagiarism itself that should trouble us. It’s carelessness and a lack of originality. 
Read more →Science",issue/who-cares-about-plagiarism/,Who cares about plagiarism?,85,2026-10-13,https://worksinprogress.co/issue/who-cares-about-plagiarism/,https://worksinprogress.co/issue-06/,issue-06-41
https://worksinprogress.co,issue-07,"SpotlightIssue 07London’s lost ringwaysA monstrous plan to build major motorways through some of London’s greatest neighborhoods fell apart. But the price was the birth of the NIMBY movement, and a permanent ceiling on Britain’s infrastructure ambitions.
Read more →Words by Michael Dnes ",issue/londons-lost-ringways/,London’s lost ringways,10,2025-07-22,https://worksinprogress.co/issue/londons-lost-ringways/,https://worksinprogress.co/issue-07/,issue-07-42
https://worksinprogress.co,issue-07,"Why innovation prizes failWords by Anton Howes History’s most famous innovation prize—the longitude rewards—is misunderstood. Innovation prizes are best at promoting refinements, not revolutions.
Read more →Science",issue/why-innovation-prizes-fail/,Why innovation prizes fail,76,2026-01-06,https://worksinprogress.co/issue/why-innovation-prizes-fail/,https://worksinprogress.co/issue-07/,issue-07-43
https://worksinprogress.co,issue-07,"Local warmingWords by Audrey Schulman Gas heating is bad for the environment. But home-built heat pumps aren’t perfect either. 
Read more →Science",issue/local-warming/,Local warming,77,2025-01-28,https://worksinprogress.co/issue/local-warming/,https://worksinprogress.co/issue-07/,issue-07-44
https://worksinprogress.co,issue-07,"How polyester bounced backWords by Virginia Postrel Polyester went from being the world’s most hated fabrics to one of its favorites. It’s so successful that many people don’t even realize they’re wearing polyester today.
Read more →Culture",issue/how-polyester-bounced-back/,How polyester bounced back,78,2026-09-08,https://worksinprogress.co/issue/how-polyester-bounced-back/,https://worksinprogress.co/issue-07/,issue-07-45
https://worksinprogress.co,issue-07,"Scientific slowdown is not inevitableWords by Ben Southwood Some think of advances in science and technology through the metaphor of low-hanging fruit: we “picked” the easy ones, and the rest will be very difficult. 
Read more →Science",issue/scientific-slowdown-is-not-inevitable/,Scientific slowdown is not inevitable,79,2026-12-08,https://worksinprogress.co/issue/scientific-slowdown-is-not-inevitable/,https://worksinprogress.co/issue-07/,issue-07-46
https://worksinprogress.co,issue-07,"Why we duelWords by William Buckner Duels can be brutal and even lethal. But duels emerged in societies around the world for an important reason: to control and manage violence, not just to celebrate it.
Read more →Culture",issue/why-we-duel/,Why we duel,80,2025-04-08,https://worksinprogress.co/issue/why-we-duel/,https://worksinprogress.co/issue-07/,issue-07-47
https://worksinprogress.co,issue-08,"SpotlightIssue 08We don’t have a hundred biases, we have the wrong modelBehavioral economics has identified dozens of cognitive biases that stop us from acting ‘rationally’. But instead of building up a messier and messier picture of human behavior, we need a new model.
Read more →Words by Jason Collins ",issue/biases-the-wrong-model/,"We don’t have a hundred biases, we have the wrong model",9,2026-02-03,https://worksinprogress.co/issue/biases-the-wrong-model/,https://worksinprogress.co/issue-08/,issue-08-48
https://worksinprogress.co,issue-08,"The Maintenance RaceWords by  Stewart Brand The world’s first round-the-world solo yacht race was a thrilling and, for some, deadly contest. Its contestants’ efforts can teach us about the art of maintenance. 
Read more →Culture",issue/the-maintenance-race/,The Maintenance Race,71,2025-01-07,https://worksinprogress.co/issue/the-maintenance-race/,https://worksinprogress.co/issue-08/,issue-08-49
https://worksinprogress.co,issue-08,"The decline and fall of the British economyWords by Davis Kedrosky When America’s economy overtook Britain’s a century ago, it remade the world order. How it happened is still debated.
Read more →Economics",issue/the-decline-and-fall-of-britain/,The decline and fall of the British economy,72,2026-04-21,https://worksinprogress.co/issue/the-decline-and-fall-of-britain/,https://worksinprogress.co/issue-08/,issue-08-50
https://worksinprogress.co,issue-08,"Real peer review has never been triedWords by Saloni Dattani Outdated forms of peer review create bottlenecks that slow science. But in a world where research can now circulate rapidly on the Internet, we need to develop new ways to do science in public.
Read more →Science",issue/real-peer-review/,Real peer review has never been tried,73,2024-10-22,https://worksinprogress.co/issue/real-peer-review/,https://worksinprogress.co/issue-08/,issue-08-51
https://worksinprogress.co,issue-08,"Reclaiming the roadsWords by Carlton Reid Until recently, roads were shared between a messy mix of cyclists, stagecoaches, carts, horses, and pedestrians, with no dominant user. 
Read more →Culture",issue/reclaiming-the-roads/,Reclaiming the roads,74,2025-09-23,https://worksinprogress.co/issue/reclaiming-the-roads/,https://worksinprogress.co/issue-08/,issue-08-52
https://worksinprogress.co,issue-08,"Age of the bacteriophageWords by Léa Zinsli Bacteriophages – viruses that infect bacterial cells – were almost forgotten in the age of antibiotics. Now as bacterial resistance grows, they may return to help us in our hour of need.
Read more →Science",issue/age-of-the-bacteriophage/,Age of the bacteriophage,75,2024-10-08,https://worksinprogress.co/issue/age-of-the-bacteriophage/,https://worksinprogress.co/issue-08/,issue-08-53
https://worksinprogress.co,issue-09,"SpotlightIssue 09The story of VaccinateCANobody had a plan to get vaccines out of freezers and into Americans’ arms–except VaccinateCA. Its CEO tells the story of how a small team brought order to a chaotic rollout.
Read more →Words by Patrick McKenzie (patio11) ",issue/the-story-of-vaccinateca/,The story of VaccinateCA,8,2026-04-14,https://worksinprogress.co/issue/the-story-of-vaccinateca/,https://worksinprogress.co/issue-09/,issue-09-54
https://worksinprogress.co,issue-09,"Developing the science of scienceWords by Heidi Williams  & Paul Niehaus International development was revolutionized by experiments and evaluations of its methods. Meta-science can learn from it.
Read more →Economics",issue/developing-the-science-of-science/,Developing the science of science,59,2024-11-26,https://worksinprogress.co/issue/developing-the-science-of-science/,https://worksinprogress.co/issue-09/,issue-09-55
https://worksinprogress.co,issue-09,"Pandemic prevention as fire-fightingWords by Richard Williamson Fire has almost disappeared as a cause of death in the developed world. A similar approach could do the same for infectious diseases.
Read more →Science",issue/pandemic-prevention-as-fire-fighting/,Pandemic prevention as fire-fighting,60,2025-12-23,https://worksinprogress.co/issue/pandemic-prevention-as-fire-fighting/,https://worksinprogress.co/issue-09/,issue-09-56
https://worksinprogress.co,issue-09,"Advancing antivenomWords by Mathias Kirk Bonde Snakebites kill between 80,000 and 140,000 people every year. Better antivenom should be a high priority – thankfully new technology can help.
Read more →Science",issue/advancing-antivenom/,Advancing antivenom,61,2025-05-06,https://worksinprogress.co/issue/advancing-antivenom/,https://worksinprogress.co/issue-09/,issue-09-57
https://worksinprogress.co,issue-09,"History is in the makingWords by Stephen Davies Though we tend to see history as just one political event after another, it’s technology and ideas, not politics, that change our lives the most. History should reflect that.
Read more →Culture",issue/history-is-in-the-making/,History is in the making,62,2026-09-15,https://worksinprogress.co/issue/history-is-in-the-making/,https://worksinprogress.co/issue-09/,issue-09-58
https://worksinprogress.co,issue-09,"AI from Superintelligence to ChatGPTWords by Séb Krier Breakthroughs in artificial intelligence are forcing skeptics to eat their words. We should take its risks seriously too.
Read more →Science",issue/ai-from-superintelligence-to-chatgpt/,AI from Superintelligence to ChatGPT,63,2025-05-13,https://worksinprogress.co/issue/ai-from-superintelligence-to-chatgpt/,https://worksinprogress.co/issue-09/,issue-09-59
https://worksinprogress.co,issue-09,"The elements of scientific styleWords by Étienne Fortier-Dubois Scientific papers are dense, jargon-filled, and painful to read. It wasn’t always this way – and it doesn’t have to be. 
Read more →Science",issue/the-elements-of-scientific-style/,The elements of scientific style,64,2025-09-16,https://worksinprogress.co/issue/the-elements-of-scientific-style/,https://worksinprogress.co/issue-09/,issue-09-60
https://worksinprogress.co,issue-10,"SpotlightIssue 10France’s baby bustFrance was once Europe’s superpower, thanks above all to its enormous population. Its decline coincided with a collapse in its birth rate – now we know why.
Read more →Words by Guillaume Blanc ",issue/frances-baby-bust/,France’s baby bust,7,2026-03-03,https://worksinprogress.co/issue/frances-baby-bust/,https://worksinprogress.co/issue-10/,issue-10-61
https://worksinprogress.co,issue-10,"On the origins of empathy for other speciesWords by Cody Moser We’ve learnt to see the world through the eyes of our prey. All the better to eat them with.
Read more →Evolution",issue/on-the-origins-of-empathy-for-other-species/,On the origins of empathy for other species,53,2026-01-27,https://worksinprogress.co/issue/on-the-origins-of-empathy-for-other-species/,https://worksinprogress.co/issue-10/,issue-10-62
https://worksinprogress.co,issue-10,"Building back fasterWords by Sam Dumitriu Building infrastructure doesn’t need to come at the cost of the environment. But it does need smarter rules.
Read more →Environment",issue/building-back-faster/,Building back faster,54,2025-12-16,https://worksinprogress.co/issue/building-back-faster/,https://worksinprogress.co/issue-10/,issue-10-63
https://worksinprogress.co,issue-10,"Every generator is a policy failureWords by Lauren Gilbert Power outages force businesses across Africa to rely on expensive, dirty diesel generators. Price caps block improvement, but removing them isn’t easy.
Read more →Electricity",issue/every-generator-is-a-policy-failure/,Every generator is a policy failure,55,2026-03-24,https://worksinprogress.co/issue/every-generator-is-a-policy-failure/,https://worksinprogress.co/issue-10/,issue-10-64
https://worksinprogress.co,issue-10,"The most dangerous substance known to manWords by Jack Devanney We have learned to fear plutonium – one of the world’s most useful materials. But as long as you don’t eat it, you’re probably safe.
Read more →Energy",issue/the-most-dangerous-substance-known-to-man/,The most dangerous substance known to man,56,2025-06-24,https://worksinprogress.co/issue/the-most-dangerous-substance-known-to-man/,https://worksinprogress.co/issue-10/,issue-10-65
https://worksinprogress.co,issue-10,"Plastic roadsWords by Zach Caceres Plastic is eating the roads. It might be a cleaner, quieter, ready-made alternative to asphalt for the next generation of paving.
Read more →Technology",issue/plastic-roads/,Plastic roads,57,2025-11-18,https://worksinprogress.co/issue/plastic-roads/,https://worksinprogress.co/issue-10/,issue-10-66
https://worksinprogress.co,issue-10,"Markets in fact-checkingWords by Matthew Feeney Exposing misinformation online is hard to do at scale and can veer into outright censorship. The wisdom of crowds can lead us to the answers.
Read more →Prediction markets",issue/markets-in-fact-checking/,Markets in fact-checking,58,2025-04-15,https://worksinprogress.co/issue/markets-in-fact-checking/,https://worksinprogress.co/issue-10/,issue-10-67
https://worksinprogress.co,issue-11,"SpotlightIssue 11Olivine weatheringOlivine is a green mineral that reacts with CO2 in the ocean to form a harmless silt. This reaction might be the key to slowing down climate change, or reversing it altogether.
Read more →Words by Campbell Nilsen ",issue/olivine-weathering/,Olivine weathering,6,2026-11-24,https://worksinprogress.co/issue/olivine-weathering/,https://worksinprogress.co/issue-11/,issue-11-68
https://worksinprogress.co,issue-11,"Why Britain doesn’t buildWords by Samuel Watling The history of attempts to reform planning in Britain is proof that political willpower is not enough: you need to be smart, not just brave.
Read more →Housing",issue/why-britain-doesnt-build/,Why Britain doesn’t build,47,2025-12-30,https://worksinprogress.co/issue/why-britain-doesnt-build/,https://worksinprogress.co/issue-11/,issue-11-69
https://worksinprogress.co,issue-11,"Thomas Edison, tinkererWords by Eric Gilliam Thomas Edison is often accused of not having invented the things he gets credit for. He did something even harder: he built the systems needed to get them to market.
Read more →Invention",issue/thomas-edison-tinkerer/,"Thomas Edison, tinkerer",48,2025-05-27,https://worksinprogress.co/issue/thomas-edison-tinkerer/,https://worksinprogress.co/issue-11/,issue-11-70
https://worksinprogress.co,issue-11,"How DC densifiedWords by Emily Hamilton Washington, DC, has avoided the worst price rises that have plagued many other growing American cities. Arlington’s transit-oriented development might be the reason.
Read more →Density",issue/how-dc-densified/,How DC densified,49,2025-03-04,https://worksinprogress.co/issue/how-dc-densified/,https://worksinprogress.co/issue-11/,issue-11-71
https://worksinprogress.co,issue-11,"Taming the starsWords by John Myers Cheap, safe nuclear power is possible, but is all but prohibited in most Western countries. A regulatory sandbox for fission could shake us out of our regulatory sclerosis.
Read more →Fission",issue/taming-the-stars/,Taming the stars,50,2025-03-18,https://worksinprogress.co/issue/taming-the-stars/,https://worksinprogress.co/issue-11/,issue-11-72
https://worksinprogress.co,issue-11,"The end of acid rainWords by Hannah Ritchie Ending acid rain was one of humanity’s greatest environmental successes. Here’s how it happened.
Read more →Rain",issue/the-end-of-acid-rain/,The end of acid rain,51,2024-11-05,https://worksinprogress.co/issue/the-end-of-acid-rain/,https://worksinprogress.co/issue-11/,issue-11-73
https://worksinprogress.co,issue-11,"Every grain of riceWords by Niko McCarty As climate change threatens crop yields, we need a second Green Revolution – one that, this time, is driven by genetic engineering.
Read more →GMOs",issue/every-grain-of-rice/,Every grain of rice,52,2026-11-10,https://worksinprogress.co/issue/every-grain-of-rice/,https://worksinprogress.co/issue-11/,issue-11-74
https://worksinprogress.co,issue-12,"SpotlightIssue 12Why we didn’t get a malaria vaccine soonerHundreds of thousands of people die from malaria each year, but it took 141 years to develop a vaccine for it. Advance market commitments could speed things up next time.
Read more →Words by Saloni Dattani  & Rachel Glennerster  & Siddhartha Haria ",issue/why-we-didnt-get-a-malaria-vaccine-sooner/,Why we didn’t get a malaria vaccine sooner,5,2026-07-21,https://worksinprogress.co/issue/why-we-didnt-get-a-malaria-vaccine-sooner/,https://worksinprogress.co/issue-12/,issue-12-75
https://worksinprogress.co,issue-12,"Making architecture easyWords by Samuel Hughes Unlike nearly all other arts, architecture is inherently public and shared. That means that buildings should be designed to be agreeable – easy to like – not to be unpopular works of genius.
Read more →Tonality",issue/making-architecture-easy/,Making architecture easy,41,2026-06-23,https://worksinprogress.co/issue/making-architecture-easy/,https://worksinprogress.co/issue-12/,issue-12-76
https://worksinprogress.co,issue-12,"Growing the growth coalitionWords by Judge Glock Local government faces incentives just like everything else. If we want voters to encourage growth near them, we need to make it worth their while.
Read more →Property tax",issue/growing-the-growth-coalition/,Growing the growth coalition,42,2024-12-24,https://worksinprogress.co/issue/growing-the-growth-coalition/,https://worksinprogress.co/issue-12/,issue-12-77
https://worksinprogress.co,issue-12,"The discovery of copperWords by Ed Conway Today’s world requires vastly more copper than you could imagine, and the world of electric vehicles will require even more. That means finding new ways to find and extract copper from the earth.
Read more →Copper",issue/the-discovery-of-copper/,The discovery of copper,43,2026-04-28,https://worksinprogress.co/issue/the-discovery-of-copper/,https://worksinprogress.co/issue-12/,issue-12-78
https://worksinprogress.co,issue-12,"Houston, we have a solutionWords by Anya Martin Houston was notorious for its sprawl. But it has seen a gentle density revolution since the 1990s. Allowing neighborhoods to opt out of citywide reforms was crucial in its transformation.
Read more →Texas",issue/houston-we-have-a-solution/,"Houston, we have a solution",44,2025-08-26,https://worksinprogress.co/issue/houston-we-have-a-solution/,https://worksinprogress.co/issue-12/,issue-12-79
https://worksinprogress.co,issue-12,"How Mexico built a stateWords by Robin Grier Building a state is not a matter of copying first world institutions. It is a tough process of deals and compromises. 19th century Mexico is a good example.
Read more →Development",issue/how-mexico-built-a-state/,How Mexico built a state,45,2024-12-31,https://worksinprogress.co/issue/how-mexico-built-a-state/,https://worksinprogress.co/issue-12/,issue-12-80
https://worksinprogress.co,issue-12,"Understanding the Baby BoomWords by Anvar Sarygulov  & Phoebe Arslanagic-Wakefield The West has been below replacement fertility once before. Then came the Baby Boom. Understanding that boom may help us deal with today’s bust.
Read more →Babies",issue/understanding-the-baby-boom/,Understanding the Baby Boom,46,2026-07-07,https://worksinprogress.co/issue/understanding-the-baby-boom/,https://worksinprogress.co/issue-12/,issue-12-81
https://worksinprogress.co,issue-13,"SpotlightIssue 13How mathematics built the modern worldMathematics was the cornerstone of the Industrial Revolution. A new paradigm of measurement and calculation, more than scientific discovery, built industry, modernity, and the world we inhabit today.
Read more →Words by Bo Malmberg  & Hannes Malmberg ",issue/how-mathematics-built-the-modern-world/,How mathematics built the modern world,4,2025-04-22,https://worksinprogress.co/issue/how-mathematics-built-the-modern-world/,https://worksinprogress.co/issue-13/,issue-13-82
https://worksinprogress.co,issue-13,"The asbestos timesWords by Mano Majumdar Asbestos was a miracle material, virtually impervious to fire. But as we fixed city fires in other ways, we came to learn about its horrific downsides.
Read more →Asbestos",issue/the-asbestos-times/,The asbestos times,35,2026-04-07,https://worksinprogress.co/issue/the-asbestos-times/,https://worksinprogress.co/issue-13/,issue-13-83
https://worksinprogress.co,issue-13,"Watt lies beneathWords by Tom Ough The earth’s core is hot. So hot, that if we drilled deep enough, we could power the world millions of times over with cheap, clean energy, supporting renewables when the wind isn’t blowing and the sun isn’t shining. But getting there is tough.
Read more →Holes",issue/watt-lies-beneath/,Watt lies beneath,36,2026-09-22,https://worksinprogress.co/issue/watt-lies-beneath/,https://worksinprogress.co/issue-13/,issue-13-84
https://worksinprogress.co,issue-13,"Waking up science’s sleeping beautiesWords by Ulkar Aghayeva Many scientific papers receive little attention initially but become highly cited years later. What groundbreaking discoveries might have already been made, and how can we uncover them faster?
Read more →Secrets",issue/waking-up-sciences-sleeping-beauties/,Waking up science’s sleeping beauties,37,2025-05-20,https://worksinprogress.co/issue/waking-up-sciences-sleeping-beauties/,https://worksinprogress.co/issue-13/,issue-13-85
https://worksinprogress.co,issue-13,"The entrepreneurial stateWords by David Schönholzer War is hell. But by allowing more effective states to rule productive regions, it may have been a catalyst for Europe’s early modern advancement.
Read more →War",issue/the-entrepreneurial-state/,The entrepreneurial state,38,2025-02-04,https://worksinprogress.co/issue/the-entrepreneurial-state/,https://worksinprogress.co/issue-13/,issue-13-86
https://worksinprogress.co,issue-13,"Upzoning New ZealandWords by Eleanor West  & Marko Garlick New Zealand passed the most ambitious upzoning reforms in the world. Now comes the backlash.
Read more →Upzoning",issue/upzoning-new-zealand/,Upzoning New Zealand,39,2024-10-15,https://worksinprogress.co/issue/upzoning-new-zealand/,https://worksinprogress.co/issue-13/,issue-13-87
https://worksinprogress.co,issue-13,"The cocktail revolutionWords by Peter Suderman Cocktails aren’t what they used to be – and that’s a good thing. The search for fresher and more novel ingredients from ever further afield continues to revolutionize mixology for the better. 
Read more →Cocktails",issue/the-cocktail-revolution/,The cocktail revolution,40,2026-03-10,https://worksinprogress.co/issue/the-cocktail-revolution/,https://worksinprogress.co/issue-13/,issue-13-88
https://worksinprogress.co,issue-14,"SpotlightIssue 14The road from serfdomUnwinding Russian serfdom took half a century. To eventually do it in the face of powerful opposition took a remarkable approach that let peasants vote themselves into freedom.
Read more →Words by Samuel Watling ",issue/the-road-from-serfdom/,The road from serfdom,3,2026-08-11,https://worksinprogress.co/issue/the-road-from-serfdom/,https://worksinprogress.co/issue-14/,issue-14-89
https://worksinprogress.co,issue-14,"Compensating compassionWords by Jason Hausenloy  & Duncan McClements Too few people donate their organs, dead or alive. How can we make it easier to donate, but avoid the abuses that some fear from cash payments?
Read more →Kidneys",issue/compensating-compassion/,Compensating compassion,29,2026-10-20,https://worksinprogress.co/issue/compensating-compassion/,https://worksinprogress.co/issue-14/,issue-14-90
https://worksinprogress.co,issue-14,"Life in the time of ZikaWords by Keller Scholl I was deliberately infected with Zika to test a vaccine. Human challenge trials like my one could save millions of lives by developing prophylactics more quickly.
Read more →Zika",issue/life-in-the-time-of-zika/,Life in the time of Zika,30,2024-11-19,https://worksinprogress.co/issue/life-in-the-time-of-zika/,https://worksinprogress.co/issue-14/,issue-14-91
https://worksinprogress.co,issue-14,"How Israel turned homeowners into YIMBYsWords by Tal Alster Homeowners are often the biggest opponents of building new homes. An Israeli reform reversed this by making homeowners the main beneficiaries of development. 
Read more →Upzoning",issue/how-israel-turned-homeowners-into-yimbys/,How Israel turned homeowners into YIMBYs,31,2025-09-02,https://worksinprogress.co/issue/how-israel-turned-homeowners-into-yimbys/,https://worksinprogress.co/issue-14/,issue-14-92
https://worksinprogress.co,issue-14,"Why we stopped building cut and coverWords by Brian Potter We used to dig up roads to put trains underneath – cheaply. Ever-better tunnel boring machines have made the disruption this causes unnecessary.
Read more →Tunneling",issue/why-we-stopped-building-cut-and-cover/,Why we stopped building cut and cover,32,2024-12-17,https://worksinprogress.co/issue/why-we-stopped-building-cut-and-cover/,https://worksinprogress.co/issue-14/,issue-14-93
https://worksinprogress.co,issue-14,"The future of silkWords by Hiawatha Bray Silk is stronger than steel or kevlar. We are already using it to transport vaccines without cold chains and make automatically dissolving stitches. What else could it be used for?
Read more →Silk",issue/the-future-of-silk/,The future of silk,33,2026-10-27,https://worksinprogress.co/issue/the-future-of-silk/,https://worksinprogress.co/issue-14/,issue-14-94
https://worksinprogress.co,issue-14,"The promise of SGLT2 inhibitorsWords by Natália Coelho Mendonça SGLT2, a protein in the kidney, takes glucose out of the urine and puts it in the blood. Blocking this reduces diabetes, heart disease, and kidney disease – but we’re not exactly sure why.
Read more →Flozins",issue/the-future-of-kidney-treatment/,The promise of SGLT2 inhibitors,34,2025-12-09,https://worksinprogress.co/issue/the-future-of-kidney-treatment/,https://worksinprogress.co/issue-14/,issue-14-95
https://worksinprogress.co,issue-15,"SpotlightIssue 15How the war on drunk driving was wonDeterrence alone might not stop crime. But, as the campaign against drunk driving shows, it could help create the norms that do.
Read more →Words by Nick Cowen ",issue/how-the-war-on-drunk-driving-was-won/,How the war on drunk driving was won,2,2026-01-13,https://worksinprogress.co/issue/how-the-war-on-drunk-driving-was-won/,https://worksinprogress.co/issue-15/,issue-15-96
https://worksinprogress.co,issue-15,"Why prediction markets aren’t popularWords by Nick Whitaker  & J. Zachary Mazlish Prediction markets are legal, contrary to popular belief. But they remain unpopular, because they lack key features that make markets attractive. 
Read more →Bets",issue/why-prediction-markets-arent-popular/,Why prediction markets aren’t popular,23,2026-09-01,https://worksinprogress.co/issue/why-prediction-markets-arent-popular/,https://worksinprogress.co/issue-15/,issue-15-97
https://worksinprogress.co,issue-15,"New York’s long road to congestion pricingWords by Ben Adler It has taken almost 60 years to bring traffic congestion pricing to New York. This is the story of how politicians and advocates built the coalition it needed to finally happen.
Read more →Road pricing",issue/new-yorks-long-road-to-congestion-pricing/,New York’s long road to congestion pricing,24,2024-12-03,https://worksinprogress.co/issue/new-yorks-long-road-to-congestion-pricing/,https://worksinprogress.co/issue-15/,issue-15-98
https://worksinprogress.co,issue-15,"The beauty of concreteWords by Samuel Hughes Why are buildings today simple and austere, while buildings of the past were ornate and elaborately ornamented? The answer is not the cost of labor.
Read more →Ornament",issue/the-beauty-of-concrete/,The beauty of concrete,25,2025-09-30,https://worksinprogress.co/issue/the-beauty-of-concrete/,https://worksinprogress.co/issue-15/,issue-15-99
https://worksinprogress.co,issue-15,"Getting materials out of the labWords by Benjamin Reinhardt Inventing new materials is only the first step. Getting them into mass production and use is just as hard.
Read more →Materials",issue/getting-materials-out-of-the-lab/,Getting materials out of the lab,26,2025-02-18,https://worksinprogress.co/issue/getting-materials-out-of-the-lab/,https://worksinprogress.co/issue-15/,issue-15-100
https://worksinprogress.co,issue-15,"Britain’s forgotten financial crisisWords by Samuel Watling Britain had its fastest ever house price growth not in the 2020s but in the 1970s. Houses then were also getting smaller and worse. The problem was a lack of supply.
Read more →The Barber Boom",issue/britains-forgotten-financial-crisis/,Britain’s forgotten financial crisis,27,2026-02-24,https://worksinprogress.co/issue/britains-forgotten-financial-crisis/,https://worksinprogress.co/issue-15/,issue-15-101
https://worksinprogress.co,issue-15,"Gentrification as a housing problemWords by Anya Martin Gentrification can be a real problem for people it pushes out. But the root cause is inflexible housing supply, and solutions that don’t tackle that can make the problem worse.
Read more →Graffiti",issue/gentrification-as-a-housing-problem/,Gentrification as a housing problem,28,2025-11-25,https://worksinprogress.co/issue/gentrification-as-a-housing-problem/,https://worksinprogress.co/issue-15/,issue-15-102
https://worksinprogress.co,issue-16,"SpotlightIssue 16The ultra-selfish geneWe now have the power to genetically modify entire species by inserting certain genes into them with brute force. Doing this to malaria-carrying mosquitoes could allow us to wipe out humanity’s most deadly killer.
Read more →Words by Mathias Kirk Bonde ",issue/the-ultra-selfish-gene/,The ultra-selfish gene,1,2026-06-09,https://worksinprogress.co/issue/the-ultra-selfish-gene/,https://worksinprogress.co/issue-16/,issue-16-103
https://worksinprogress.co,issue-16,"How pour-over coffee got goodWords by Nick Whitaker Pour-over coffee has long been popular with coffee enthusiasts, but it frustrated coffee shops because it takes so long to make. That’s changing.
Read more →Drip coffee",issue/how-pour-over-coffee-got-good/,How pour-over coffee got good,17,2025-08-05,https://worksinprogress.co/issue/how-pour-over-coffee-got-good/,https://worksinprogress.co/issue-16/,issue-16-104
https://worksinprogress.co,issue-16,"Lab-grown diamondsWords by Javid Lakha Synthetic diamonds are now purer, more beautiful, and vastly cheaper than mined diamonds. Beating nature took decades of hard graft and millions of pounds of pressure.
Read more →Lab diamonds",issue/lab-grown-diamonds/,Lab-grown diamonds,18,2026-11-17,https://worksinprogress.co/issue/lab-grown-diamonds/,https://worksinprogress.co/issue-16/,issue-16-105
https://worksinprogress.co,issue-16,"Where inflation comes fromWords by Carola Conces Binder How we calculate inflation has always been a subject of debate. Small changes that might seem trivial can lead to enormous changes in how well-off we think we are.
Read more →Measuring prices",issue/where-inflation-comes-from/,Where inflation comes from,19,2025-02-11,https://worksinprogress.co/issue/where-inflation-comes-from/,https://worksinprogress.co/issue-16/,issue-16-106
https://worksinprogress.co,issue-16,"Doom scrollingWords by Justin Germain We may be close to rediscovering thousands of texts that had been lost for millennia. Their contents may reshape how we understand the Ancient World.
Read more →Treasure hunting",issue/doom-scrolling/,Doom scrolling,20,2025-10-28,https://worksinprogress.co/issue/doom-scrolling/,https://worksinprogress.co/issue-16/,issue-16-107
https://worksinprogress.co,issue-16,"Libraries of matterWords by Virginia Postrel Libraries contain books, yes. But they also contain latex rubber, carbon fiber fabrics, and graphene aerogel. And in some materials libraries you can cut, cast, drill, sand, scrape, and sculpt too.
Read more →Materials",issue/libraries-of-matter/,Libraries of matter,21,2025-03-11,https://worksinprogress.co/issue/libraries-of-matter/,https://worksinprogress.co/issue-16/,issue-16-108
https://worksinprogress.co,issue-16,"How to start an advance market commitmentWords by Nan Ransohoff Advance Market Commitments allow us to buy technology from the future to support its development: vaccines, carbon capture technology, and even spacecraft. Here’s how you can start your own.
Read more →Buying inventions",issue/how-to-start-an-advance-market-commitment/,How to start an advance market commitment,22,2025-01-21,https://worksinprogress.co/issue/how-to-start-an-advance-market-commitment/,https://worksinprogress.co/issue-16/,issue-16-109
https://worksinprogress.co,special-issue,"Anti-growth safetyismWords by Ryan Murphy  & Colin O’Reilly Is a build up of generic regulations together causing us to be three times poorer than we need to be? Probably not. But the insidious rise of risk aversion is still a big drag on economic growth.
Read more →Economics",issue/anti-growth-safetyism/,Anti-growth safetyism,65,2025-06-10,https://worksinprogress.co/issue/anti-growth-safetyism/,https://worksinprogress.co/special-issue/,special-issue-110
https://worksinprogress.co,special-issue,"Interview: J. Storrs Hall on getting lost in stagnationWords by Tamara Winter Stripe Press’s Tamara Winter sits down with J. Storrs Hall, whose book ‘Where is My Flying Car’ inspired this issue, to talk about stagnation and the possibility of progress.
Read more →Culture",issue/interview-jstorrshall/,Interview: J. Storrs Hall on getting lost in stagnation,66,2025-03-25,https://worksinprogress.co/issue/interview-jstorrshall/,https://worksinprogress.co/special-issue/,special-issue-111
https://worksinprogress.co,special-issue,"Making energy too cheap to meterWords by Benjamin Reinhardt The great slowdown began when we started rationing energy. Restarting progress means getting energy that is so abundant that it’s almost free.
Read more →Culture",issue/making-energy-too-cheap-to-meter/,Making energy too cheap to meter,67,2026-03-31,https://worksinprogress.co/issue/making-energy-too-cheap-to-meter/,https://worksinprogress.co/special-issue/,special-issue-112
https://worksinprogress.co,special-issue,"Nanotechnology’s springWords by Eli Dourado Nanotechnology sometimes sounds as much like science fiction as artificial intelligence once did. But the problems holding it back seem solvable, and some of the answers may lie inside our own bodies.
Read more →Science",issue/nanotechnologys-spring/,Nanotechnology’s spring,68,2025-11-04,https://worksinprogress.co/issue/nanotechnologys-spring/,https://worksinprogress.co/special-issue/,special-issue-113
https://worksinprogress.co,special-issue,"There was no great stagnationWords by Adam Hunt We may not have flying cars but we do have incredible information technology. We’re mismeasuring the huge benefits it is bringing.
Read more →Economics",issue/there-was-no-great-stagnation/,There was no great stagnation,69,2026-05-05,https://worksinprogress.co/issue/there-was-no-great-stagnation/,https://worksinprogress.co/special-issue/,special-issue-114
https://worksinprogress.co,special-issue,"Planes, claims and automobilesWords by Brian Potter Americans famously love to sue one another. Are out of control product liability lawsuits the to blame for the crash of the personal aviation industry?
Read more →Politics",issue/planes-claims-and-automobiles/,"Planes, claims and automobiles",70,2026-12-01,https://worksinprogress.co/issue/planes-claims-and-automobiles/,https://worksinprogress.co/special-issue/,special-issue-115
